ImageId,Label
1,7
2,2
3,3
4,5
5,0
6,8
7,3
8,9
9,8
10,7
11,4
12,1
13,8
14,1
15,3
16,1
17,5
18,0
19,9
20,0
21,8
22,0
23,4
24,8
25,8
26,4
27,4
28,2
29,3
30,3
31,9
32,3
33,0
34,4
35,8
36,8
37,1
38,0
39,8
40,6
41,2
42,0
43,5
44,4
45,4
46,2
47,8
48,9
49,4
50,0
51,8
52,9
53,3
54,5
55,7
56,8
57,6
58,2
59,0
60,9
61,8
62,4
63,3
64,3
65,6
66,9
67,5
68,4
69,7
70,8
71,4
72,6
73,2
74,7
75,6
76,9
77,3
78,0
79,0
80,5
81,3
82,1
83,3
84,2
85,2
86,2
87,1
88,1
89,1
90,9
91,8
92,6
93,6
94,4
95,1
96,2
97,3
98,7
99,0
100,4
101,0
102,8
103,3
104,7
105,4
106,8
107,4
108,7
109,1
110,8
111,2
112,4
113,9
114,4
115,3
116,0
117,2
118,2
119,8
120,1
121,0
122,3
123,6
124,1
125,2
126,6
127,5
128,0
129,1
130,2
131,6
132,9
133,3
134,2
135,0
136,4
137,7
138,4
139,4
140,4
141,8
142,7
143,9
144,8
145,1
146,2
147,9
148,5
149,6
150,8
151,5
152,8
153,8
154,6
155,6
156,9
157,2
158,9
159,6
160,2
161,4
162,7
163,1
164,7
165,5
166,9
167,2
168,4
169,0
170,8
171,5
172,3
173,5
174,5
175,8
176,5
177,4
178,7
179,8
180,7
181,6
182,6
183,1
184,8
185,4
186,0
187,2
188,9
189,3
190,3
191,7
192,4
193,7
194,5
195,5
196,2
197,2
198,1
199,9
200,7
201,6
202,6
203,0
204,9
205,7
206,6
207,5
208,8
209,6
210,0
211,5
212,5
213,3
214,6
215,0
216,4
217,3
218,6
219,7
220,8
221,0
222,2
223,5
224,4
225,7
226,0
227,4
228,6
229,4
230,1
231,5
232,9
233,2
234,1
235,5
236,3
237,9
238,5
239,4
240,8
241,6
242,5
243,2
244,2
245,7
246,9
247,8
248,9
249,7
250,2
251,3
252,1
253,2
254,8
255,3
256,3
257,7
258,4
259,4
260,0
261,5
262,5
263,9
264,3
265,1
266,9
267,6
268,8
269,6
270,5
271,1
272,3
273,8
274,1
275,1
276,7
277,1
278,4
279,3
280,9
281,2
282,0
283,3
284,4
285,9
286,8
287,5
288,8
289,2
290,6
291,5
292,6
293,4
294,6
295,9
296,6
297,4
298,2
299,6
300,1
301,1
302,9
303,2
304,6
305,8
306,6
307,6
308,2
309,7
310,1
311,1
312,5
313,1
314,3
315,7
316,2
317,3
318,9
319,6
320,2
321,2
322,7
323,3
324,8
325,3
326,7
327,9
328,7
329,4
330,6
331,2
332,8
333,1
334,6
335,1
336,7
337,2
338,2
339,5
340,9
341,0
342,5
343,0
344,2
345,3
346,8
347,9
348,5
349,7
350,9
351,3
352,1
353,6
354,8
355,9
356,5
357,8
358,7
359,4
360,6
361,3
362,2
363,4
364,4
365,6
366,2
367,8
368,4
369,3
370,7
371,3
372,7
373,0
374,6
375,0
376,5
377,6
378,7
379,0
380,1
381,3
382,7
383,9
384,6
385,2
386,7
387,8
388,5
389,9
390,0
391,9
392,3
393,2
394,7
395,0
396,9
397,9
398,2
399,5
400,6
401,5
402,2
403,9
404,5
405,4
406,2
407,0
408,4
409,7
410,1
411,5
412,4
413,5
414,2
415,6
416,1
417,3
418,5
419,2
420,5
421,0
422,6
423,0
424,9
425,8
426,7
427,5
428,8
429,9
430,4
431,7
432,8
433,8
434,3
435,5
436,9
437,3
438,9
439,5
440,5
441,1
442,8
443,5
444,3
445,1
446,6
447,5
448,1
449,8
450,5
451,7
452,5
453,4
454,4
455,2
456,0
457,2
458,8
459,9
460,4
461,5
462,3
463,2
464,2
465,7
466,8
467,1
468,7
469,7
470,3
471,2
472,8
473,2
474,8
475,1
476,3
477,4
478,2
479,9
480,9
481,2
482,9
483,7
484,7
485,8
486,1
487,7
488,1
489,5
490,1
491,1
492,0
493,4
494,0
495,8
496,1
497,1
498,6
499,1
500,9
501,3
502,9
503,4
504,1
505,7
506,3
507,6
508,6
509,3
510,7
511,6
512,2
513,9
514,6
515,7
516,5
517,0
518,5
519,8
520,8
521,3
522,9
523,5
524,1
525,5
526,2
527,5
528,0
529,1
530,1
531,6
532,0
533,5
534,5
535,0
536,6
537,0
538,4
539,0
540,1
541,0
542,6
543,1
544,7
545,4
546,7
547,6
548,4
549,1
550,9
551,2
552,1
553,8
554,8
555,2
556,1
557,6
558,7
559,9
560,1
561,7
562,4
563,4
564,7
565,0
566,6
567,9
568,4
569,6
570,3
571,8
572,3
573,5
574,8
575,8
576,2
577,4
578,1
579,8
580,2
581,8
582,1
583,9
584,2
585,2
586,3
587,2
588,6
589,0
590,6
591,7
592,1
593,4
594,3
595,5
596,3
597,1
598,4
599,5
600,8
601,2
602,7
603,5
604,7
605,3
606,9
607,3
608,4
609,2
610,8
611,2
612,6
613,3
614,0
615,5
616,7
617,6
618,9
619,2
620,4
621,2
622,3
623,3
624,3
625,6
626,3
627,7
628,9
629,9
630,1
631,4
632,6
633,3
634,9
635,0
636,1
637,6
638,1
639,7
640,1
641,8
642,7
643,1
644,9
645,7
646,1
647,0
648,2
649,4
650,5
651,3
652,4
653,0
654,3
655,3
656,0
657,6
658,1
659,0
660,2
661,5
662,9
663,0
664,9
665,4
666,1
667,2
668,2
669,2
670,3
671,3
672,6
673,9
674,3
675,5
676,0
677,9
678,9
679,4
680,1
681,6
682,1
683,0
684,3
685,2
686,0
687,1
688,9
689,4
690,6
691,6
692,5
693,4
694,9
695,7
696,3
697,5
698,0
699,3
700,2
701,9
702,9
703,5
704,9
705,0
706,4
707,6
708,2
709,7
710,1
711,1
712,4
713,4
714,3
715,1
716,8
717,1
718,7
719,9
720,0
721,1
722,6
723,3
724,6
725,1
726,9
727,0
728,0
729,9
730,2
731,0
732,2
733,7
734,8
735,9
736,2
737,3
738,0
739,9
740,8
741,3
742,4
743,7
744,1
745,5
746,4
747,6
748,9
749,1
750,0
751,2
752,7
753,7
754,4
755,7
756,6
757,9
758,7
759,1
760,5
761,6
762,3
763,6
764,2
765,5
766,2
767,1
768,9
769,0
770,8
771,4
772,1
773,0
774,8
775,9
776,7
777,9
778,9
779,8
780,4
781,4
782,1
783,9
784,7
785,8
786,9
787,7
788,2
789,0
790,0
791,6
792,3
793,0
794,5
795,7
796,4
797,6
798,4
799,5
800,9
801,4
802,0
803,3
804,2
805,0
806,7
807,1
808,8
809,8
810,0
811,6
812,5
813,2
814,1
815,6
816,1
817,4
818,6
819,1
820,0
821,4
822,2
823,8
824,9
825,2
826,6
827,6
828,2
829,2
830,7
831,9
832,3
833,4
834,3
835,2
836,1
837,8
838,1
839,1
840,3
841,2
842,8
843,2
844,5
845,5
846,2
847,2
848,0
849,1
850,2
851,2
852,8
853,0
854,5
855,3
856,3
857,4
858,9
859,5
860,1
861,8
862,5
863,2
864,9
865,7
866,3
867,6
868,3
869,3
870,7
871,9
872,9
873,5
874,1
875,4
876,3
877,6
878,9
879,5
880,0
881,3
882,2
883,4
884,5
885,8
886,7
887,9
888,7
889,2
890,8
891,0
892,8
893,7
894,2
895,2
896,3
897,3
898,9
899,9
900,7
901,4
902,7
903,3
904,9
905,7
906,5
907,5
908,7
909,2
910,4
911,4
912,3
913,2
914,1
915,2
916,6
917,0
918,4
919,2
920,3
921,8
922,6
923,4
924,5
925,9
926,5
927,8
928,2
929,2
930,9
931,3
932,6
933,4
934,0
935,3
936,1
937,3
938,9
939,8
940,9
941,7
942,4
943,2
944,0
945,8
946,0
947,5
948,3
949,0
950,8
951,2
952,9
953,3
954,5
955,9
956,6
957,1
958,3
959,2
960,4
961,7
962,5
963,6
964,0
965,0
966,2
967,3
968,6
969,8
970,0
971,9
972,4
973,6
974,4
975,4
976,7
977,8
978,1
979,1
980,0
981,0
982,5
983,8
984,4
985,6
986,1
987,3
988,1
989,1
990,0
991,3
992,7
993,4
994,6
995,7
996,1
997,9
998,3
999,1
1000,2
1001,8
1002,1
1003,1
1004,2
1005,3
1006,6
1007,5
1008,5
1009,8
1010,7
1011,0
1012,9
1013,8
1014,0
1015,6
1016,0
1017,2
1018,2
1019,9
1020,8
1021,9
1022,2
1023,1
1024,9
1025,2
1026,2
1027,9
1028,8
1029,4
1030,0
1031,7
1032,1
1033,2
1034,3
1035,8
1036,5
1037,1
1038,8
1039,8
1040,4
1041,4
1042,8
1043,3
1044,9
1045,2
1046,1
1047,1
1048,6
1049,0
1050,3
1051,6
1052,8
1053,6
1054,1
1055,1
1056,0
1057,8
1058,8
1059,0
1060,2
1061,9
1062,4
1063,3
1064,5
1065,0
1066,5
1067,9
1068,0
1069,0
1070,6
1071,9
1072,1
1073,1
1074,7
1075,4
1076,1
1077,7
1078,4
1079,7
1080,0
1081,7
1082,5
1083,3
1084,9
1085,5
1086,2
1087,9
1088,1
1089,6
1090,8
1091,4
1092,2
1093,4
1094,9
1095,1
1096,8
1097,6
1098,2
1099,6
1100,4
1101,7
1102,1
1103,5
1104,8
1105,1
1106,2
1107,5
1108,7
1109,7
1110,6
1111,1
1112,5
1113,7
1114,9
1115,6
1116,3
1117,8
1118,1
1119,7
1120,4
1121,2
1122,8
1123,9
1124,3
1125,0
1126,1
1127,3
1128,0
1129,5
1130,0
1131,3
1132,3
1133,0
1134,0
1135,0
1136,6
1137,4
1138,4
1139,1
1140,6
1141,2
1142,9
1143,2
1144,3
1145,6
1146,9
1147,0
1148,2
1149,1
1150,7
1151,3
1152,5
1153,2
1154,0
1155,9
1156,7
1157,1
1158,4
1159,1
1160,5
1161,8
1162,9
1163,2
1164,5
1165,5
1166,3
1167,7
1168,4
1169,7
1170,0
1171,8
1172,2
1173,1
1174,8
1175,8
1176,6
1177,7
1178,3
1179,1
1180,3
1181,9
1182,2
1183,7
1184,8
1185,3
1186,4
1187,7
1188,6
1189,4
1190,2
1191,4
1192,0
1193,7
1194,5
1195,0
1196,3
1197,7
1198,6
1199,1
1200,4
1201,4
1202,7
1203,2
1204,0
1205,6
1206,5
1207,2
1208,2
1209,7
1210,6
1211,6
1212,5
1213,5
1214,9
1215,2
1216,9
1217,8
1218,1
1219,3
1220,6
1221,8
1222,5
1223,7
1224,9
1225,9
1226,8
1227,5
1228,1
1229,9
1230,1
1231,2
1232,1
1233,8
1234,2
1235,7
1236,4
1237,4
1238,9
1239,3
1240,9
1241,8
1242,6
1243,2
1244,6
1245,7
1246,5
1247,4
1248,1
1249,6
1250,6
1251,4
1252,2
1253,9
1254,7
1255,0
1256,7
1257,1
1258,5
1259,2
1260,7
1261,6
1262,1
1263,2
1264,2
1265,3
1266,0
1267,1
1268,2
1269,8
1270,7
1271,4
1272,7
1273,8
1274,3
1275,1
1276,8
1277,3
1278,7
1279,5
1280,1
1281,6
1282,9
1283,7
1284,3
1285,7
1286,1
1287,6
1288,9
1289,8
1290,4
1291,8
1292,9
1293,2
1294,9
1295,5
1296,3
1297,7
1298,0
1299,1
1300,0
1301,8
1302,3
1303,2
1304,3
1305,3
1306,1
1307,5
1308,1
1309,4
1310,7
1311,6
1312,2
1313,3
1314,4
1315,3
1316,4
1317,8
1318,1
1319,3
1320,8
1321,5
1322,3
1323,7
1324,0
1325,3
1326,9
1327,8
1328,0
1329,0
1330,0
1331,8
1332,7
1333,0
1334,8
1335,3
1336,7
1337,6
1338,6
1339,9
1340,5
1341,5
1342,6
1343,6
1344,1
1345,7
1346,8
1347,0
1348,8
1349,2
1350,7
1351,1
1352,4
1353,0
1354,8
1355,8
1356,0
1357,8
1358,6
1359,2
1360,3
1361,2
1362,7
1363,1
1364,7
1365,1
1366,2
1367,6
1368,9
1369,8
1370,3
1371,7
1372,4
1373,4
1374,5
1375,9
1376,1
1377,9
1378,4
1379,9
1380,4
1381,4
1382,9
1383,1
1384,9
1385,5
1386,7
1387,5
1388,0
1389,1
1390,2
1391,2
1392,7
1393,0
1394,3
1395,4
1396,3
1397,7
1398,8
1399,3
1400,5
1401,9
1402,0
1403,2
1404,6
1405,7
1406,8
1407,4
1408,9
1409,2
1410,6
1411,9
1412,7
1413,6
1414,2
1415,1
1416,3
1417,1
1418,2
1419,2
1420,6
1421,9
1422,6
1423,3
1424,8
1425,7
1426,6
1427,8
1428,3
1429,4
1430,5
1431,9
1432,1
1433,9
1434,9
1435,1
1436,5
1437,6
1438,9
1439,3
1440,4
1441,0
1442,1
1443,9
1444,9
1445,1
1446,7
1447,6
1448,4
1449,5
1450,2
1451,3
1452,7
1453,6
1454,0
1455,9
1456,9
1457,7
1458,8
1459,6
1460,1
1461,5
1462,7
1463,8
1464,0
1465,8
1466,7
1467,8
1468,6
1469,1
1470,3
1471,7
1472,4
1473,8
1474,2
1475,4
1476,3
1477,3
1478,4
1479,8
1480,5
1481,3
1482,7
1483,4
1484,6
1485,4
1486,2
1487,1
1488,9
1489,2
1490,1
1491,1
1492,7
1493,6
1494,4
1495,9
1496,1
1497,6
1498,8
1499,1
1500,2
1501,5
1502,3
1503,0
1504,3
1505,8
1506,1
1507,3
1508,8
1509,0
1510,7
1511,2
1512,7
1513,1
1514,6
1515,4
1516,8
1517,3
1518,8
1519,5
1520,4
1521,3
1522,1
1523,5
1524,5
1525,4
1526,3
1527,0
1528,6
1529,8
1530,7
1531,5
1532,3
1533,2
1534,8
1535,2
1536,2
1537,9
1538,2
1539,1
1540,6
1541,2
1542,7
1543,4
1544,9
1545,2
1546,7
1547,2
1548,1
1549,2
1550,1
1551,2
1552,7
1553,3
1554,4
1555,5
1556,9
1557,3
1558,0
1559,0
1560,6
1561,7
1562,3
1563,6
1564,1
1565,9
1566,4
1567,9
1568,3
1569,5
1570,3
1571,9
1572,0
1573,2
1574,8
1575,3
1576,9
1577,0
1578,4
1579,1
1580,2
1581,0
1582,2
1583,1
1584,9
1585,9
1586,5
1587,1
1588,6
1589,2
1590,6
1591,8
1592,4
1593,1
1594,9
1595,1
1596,3
1597,7
1598,1
1599,6
1600,7
1601,9
1602,1
1603,5
1604,0
1605,4
1606,0
1607,4
1608,6
1609,9
1610,9
1611,5
1612,1
1613,1
1614,7
1615,1
1616,8
1617,5
1618,3
1619,6
1620,1
1621,1
1622,6
1623,4
1624,8
1625,3
1626,9
1627,6
1628,3
1629,7
1630,8
1631,8
1632,4
1633,8
1634,3
1635,5
1636,0
1637,8
1638,7
1639,1
1640,8
1641,2
1642,2
1643,3
1644,9
1645,0
1646,3
1647,4
1648,8
1649,6
1650,3
1651,3
1652,4
1653,7
1654,7
1655,4
1656,4
1657,8
1658,9
1659,5
1660,3
1661,0
1662,9
1663,9
1664,5
1665,5
1666,9
1667,6
1668,7
1669,3
1670,6
1671,0
1672,4
1673,1
1674,8
1675,3
1676,8
1677,4
1678,8
1679,5
1680,2
1681,9
1682,8
1683,9
1684,2
1685,3
1686,1
1687,5
1688,6
1689,5
1690,8
1691,7
1692,9
1693,5
1694,3
1695,6
1696,4
1697,9
1698,6
1699,3
1700,0
1701,1
1702,7
1703,6
1704,6
1705,3
1706,9
1707,9
1708,3
1709,1
1710,9
1711,1
1712,1
1713,0
1714,3
1715,1
1716,1
1717,7
1718,6
1719,5
1720,5
1721,1
1722,4
1723,8
1724,5
1725,1
1726,0
1727,8
1728,9
1729,8
1730,2
1731,6
1732,3
1733,7
1734,8
1735,8
1736,4
1737,4
1738,3
1739,9
1740,5
1741,9
1742,2
1743,2
1744,5
1745,3
1746,3
1747,5
1748,3
1749,7
1750,6
1751,5
1752,8
1753,3
1754,0
1755,8
1756,2
1757,0
1758,4
1759,6
1760,4
1761,6
1762,7
1763,6
1764,1
1765,4
1766,4
1767,2
1768,8
1769,6
1770,9
1771,9
1772,3
1773,2
1774,0
1775,9
1776,7
1777,6
1778,1
1779,7
1780,1
1781,8
1782,5
1783,9
1784,6
1785,1
1786,5
1787,8
1788,7
1789,8
1790,2
1791,9
1792,7
1793,1
1794,6
1795,6
1796,9
1797,9
1798,9
1799,6
1800,9
1801,3
1802,4
1803,0
1804,1
1805,0
1806,2
1807,2
1808,3
1809,3
1810,8
1811,7
1812,7
1813,5
1814,5
1815,4
1816,4
1817,0
1818,6
1819,7
1820,5
1821,2
1822,8
1823,5
1824,1
1825,6
1826,6
1827,3
1828,6
1829,2
1830,8
1831,0
1832,3
1833,8
1834,8
1835,1
1836,6
1837,7
1838,9
1839,6
1840,1
1841,0
1842,3
1843,0
1844,0
1845,7
1846,0
1847,7
1848,4
1849,5
1850,1
1851,6
1852,3
1853,2
1854,8
1855,3
1856,6
1857,8
1858,2
1859,4
1860,5
1861,8
1862,2
1863,3
1864,7
1865,2
1866,9
1867,2
1868,9
1869,9
1870,8
1871,0
1872,2
1873,5
1874,4
1875,7
1876,0
1877,4
1878,8
1879,6
1880,6
1881,9
1882,9
1883,6
1884,9
1885,3
1886,4
1887,1
1888,7
1889,3
1890,0
1891,0
1892,2
1893,1
1894,5
1895,6
1896,7
1897,3
1898,2
1899,7
1900,8
1901,2
1902,8
1903,6
1904,2
1905,9
1906,9
1907,1
1908,3
1909,5
1910,7
1911,5
1912,5
1913,9
1914,1
1915,0
1916,6
1917,8
1918,3
1919,8
1920,9
1921,0
1922,3
1923,4
1924,0
1925,5
1926,4
1927,6
1928,7
1929,1
1930,2
1931,5
1932,0
1933,5
1934,7
1935,5
1936,3
1937,7
1938,1
1939,0
1940,0
1941,4
1942,7
1943,0
1944,1
1945,5
1946,4
1947,4
1948,5
1949,5
1950,8
1951,7
1952,9
1953,4
1954,4
1955,1
1956,4
1957,5
1958,4
1959,9
1960,2
1961,3
1962,1
1963,1
1964,1
1965,2
1966,4
1967,2
1968,8
1969,6
1970,3
1971,0
1972,3
1973,1
1974,9
1975,9
1976,1
1977,1
1978,6
1979,6
1980,9
1981,3
1982,0
1983,4
1984,9
1985,4
1986,9
1987,9
1988,3
1989,3
1990,8
1991,8
1992,5
1993,5
1994,2
1995,8
1996,5
1997,4
1998,6
1999,2
2000,4
2001,1
2002,4
2003,1
2004,7
2005,6
2006,5
2007,8
2008,9
2009,2
2010,2
2011,6
2012,0
2013,6
2014,7
2015,3
2016,8
2017,2
2018,8
2019,2
2020,6
2021,6
2022,1
2023,6
2024,3
2025,3
2026,7
2027,3
2028,8
2029,1
2030,1
2031,2
2032,3
2033,7
2034,5
2035,3
2036,2
2037,8
2038,1
2039,1
2040,3
2041,2
2042,9
2043,7
2044,7
2045,7
2046,0
2047,7
2048,3
2049,6
2050,9
2051,9
2052,1
2053,4
2054,3
2055,0
2056,5
2057,7
2058,5
2059,4
2060,2
2061,7
2062,5
2063,7
2064,5
2065,9
2066,9
2067,6
2068,0
2069,8
2070,0
2071,6
2072,3
2073,3
2074,3
2075,3
2076,0
2077,4
2078,3
2079,5
2080,4
2081,6
2082,0
2083,3
2084,6
2085,5
2086,1
2087,0
2088,3
2089,4
2090,2
2091,6
2092,6
2093,8
2094,5
2095,7
2096,3
2097,1
2098,3
2099,4
2100,0
2101,5
2102,2
2103,4
2104,9
2105,2
2106,9
2107,0
2108,9
2109,1
2110,5
2111,2
2112,7
2113,3
2114,8
2115,6
2116,6
2117,3
2118,6
2119,2
2120,7
2121,6
2122,5
2123,1
2124,3
2125,9
2126,9
2127,6
2128,5
2129,3
2130,1
2131,4
2132,9
2133,1
2134,4
2135,0
2136,9
2137,3
2138,4
2139,0
2140,8
2141,2
2142,6
2143,0
2144,0
2145,7
2146,2
2147,0
2148,3
2149,9
2150,4
2151,8
2152,8
2153,4
2154,2
2155,9
2156,8
2157,1
2158,6
2159,7
2160,5
2161,5
2162,8
2163,6
2164,0
2165,3
2166,1
2167,4
2168,0
2169,9
2170,8
2171,2
2172,7
2173,4
2174,7
2175,1
2176,7
2177,2
2178,9
2179,5
2180,5
2181,5
2182,1
2183,4
2184,0
2185,4
2186,8
2187,7
2188,6
2189,1
2190,3
2191,5
2192,1
2193,7
2194,4
2195,4
2196,7
2197,9
2198,3
2199,7
2200,8
2201,1
2202,0
2203,0
2204,5
2205,6
2206,0
2207,6
2208,5
2209,8
2210,3
2211,8
2212,3
2213,0
2214,5
2215,1
2216,4
2217,7
2218,5
2219,0
2220,1
2221,9
2222,8
2223,7
2224,7
2225,8
2226,8
2227,1
2228,0
2229,7
2230,7
2231,7
2232,3
2233,0
2234,0
2235,3
2236,1
2237,4
2238,8
2239,2
2240,4
2241,9
2242,6
2243,5
2244,9
2245,8
2246,2
2247,5
2248,9
2249,2
2250,8
2251,3
2252,2
2253,6
2254,5
2255,4
2256,2
2257,8
2258,2
2259,2
2260,3
2261,4
2262,8
2263,5
2264,4
2265,1
2266,3
2267,4
2268,0
2269,1
2270,5
2271,3
2272,3
2273,6
2274,1
2275,3
2276,9
2277,8
2278,2
2279,2
2280,6
2281,7
2282,0
2283,4
2284,7
2285,2
2286,8
2287,8
2288,8
2289,4
2290,2
2291,9
2292,9
2293,2
2294,2
2295,6
2296,4
2297,5
2298,1
2299,7
2300,6
2301,7
2302,4
2303,5
2304,8
2305,3
2306,8
2307,2
2308,5
2309,6
2310,5
2311,6
2312,9
2313,5
2314,1
2315,6
2316,6
2317,7
2318,8
2319,7
2320,3
2321,7
2322,1
2323,5
2324,2
2325,3
2326,1
2327,6
2328,8
2329,7
2330,4
2331,8
2332,4
2333,9
2334,4
2335,0
2336,7
2337,0
2338,0
2339,0
2340,6
2341,3
2342,0
2343,8
2344,6
2345,2
2346,7
2347,6
2348,2
2349,1
2350,2
2351,3
2352,2
2353,9
2354,0
2355,7
2356,4
2357,0
2358,5
2359,1
2360,3
2361,9
2362,8
2363,1
2364,8
2365,8
2366,9
2367,3
2368,3
2369,9
2370,1
2371,2
2372,2
2373,9
2374,0
2375,9
2376,9
2377,7
2378,6
2379,7
2380,9
2381,4
2382,1
2383,1
2384,8
2385,9
2386,2
2387,3
2388,2
2389,1
2390,1
2391,0
2392,2
2393,0
2394,9
2395,6
2396,1
2397,2
2398,8
2399,5
2400,5
2401,9
2402,8
2403,2
2404,7
2405,4
2406,6
2407,3
2408,3
2409,0
2410,1
2411,1
2412,8
2413,5
2414,0
2415,7
2416,3
2417,1
2418,0
2419,3
2420,1
2421,8
2422,4
2423,2
2424,5
2425,2
2426,3
2427,7
2428,2
2429,4
2430,2
2431,1
2432,4
2433,6
2434,7
2435,0
2436,4
2437,9
2438,8
2439,4
2440,5
2441,9
2442,5
2443,3
2444,9
2445,2
2446,3
2447,3
2448,0
2449,5
2450,3
2451,1
2452,0
2453,5
2454,0
2455,3
2456,4
2457,7
2458,4
2459,9
2460,8
2461,1
2462,8
2463,2
2464,4
2465,4
2466,0
2467,0
2468,0
2469,0
2470,3
2471,9
2472,3
2473,5
2474,2
2475,3
2476,3
2477,1
2478,3
2479,7
2480,7
2481,5
2482,4
2483,9
2484,7
2485,3
2486,3
2487,9
2488,9
2489,2
2490,7
2491,2
2492,5
2493,7
2494,0
2495,1
2496,8
2497,3
2498,0
2499,6
2500,8
2501,9
2502,9
2503,7
2504,1
2505,7
2506,9
2507,0
2508,2
2509,0
2510,4
2511,2
2512,4
2513,4
2514,2
2515,4
2516,7
2517,1
2518,7
2519,0
2520,1
2521,4
2522,5
2523,2
2524,5
2525,7
2526,9
2527,7
2528,1
2529,2
2530,0
2531,8
2532,6
2533,2
2534,2
2535,9
2536,9
2537,6
2538,4
2539,6
2540,3
2541,5
2542,0
2543,7
2544,9
2545,3
2546,1
2547,2
2548,1
2549,3
2550,4
2551,5
2552,7
2553,7
2554,3
2555,5
2556,8
2557,0
2558,8
2559,7
2560,5
2561,9
2562,6
2563,4
2564,8
2565,8
2566,4
2567,8
2568,5
2569,9
2570,0
2571,4
2572,9
2573,5
2574,7
2575,5
2576,8
2577,6
2578,4
2579,0
2580,7
2581,2
2582,1
2583,9
2584,1
2585,2
2586,7
2587,4
2588,6
2589,0
2590,9
2591,2
2592,8
2593,1
2594,3
2595,7
2596,7
2597,4
2598,0
2599,1
2600,6
2601,1
2602,2
2603,5
2604,9
2605,9
2606,4
2607,2
2608,1
2609,3
2610,5
2611,9
2612,8
2613,5
2614,3
2615,0
2616,1
2617,0
2618,0
2619,8
2620,1
2621,6
2622,7
2623,8
2624,3
2625,1
2626,5
2627,2
2628,9
2629,5
2630,8
2631,9
2632,3
2633,0
2634,3
2635,8
2636,0
2637,1
2638,6
2639,9
2640,1
2641,9
2642,3
2643,9
2644,0
2645,7
2646,1
2647,1
2648,1
2649,9
2650,8
2651,2
2652,4
2653,5
2654,7
2655,9
2656,9
2657,1
2658,1
2659,1
2660,1
2661,4
2662,6
2663,5
2664,2
2665,3
2666,1
2667,0
2668,5
2669,4
2670,5
2671,3
2672,3
2673,4
2674,0
2675,0
2676,4
2677,3
2678,2
2679,4
2680,8
2681,0
2682,2
2683,3
2684,3
2685,7
2686,1
2687,5
2688,4
2689,2
2690,2
2691,3
2692,6
2693,5
2694,8
2695,0
2696,6
2697,6
2698,4
2699,1
2700,9
2701,1
2702,5
2703,6
2704,0
2705,8
2706,1
2707,4
2708,0
2709,7
2710,3
2711,6
2712,9
2713,1
2714,9
2715,8
2716,8
2717,1
2718,6
2719,1
2720,9
2721,9
2722,7
2723,7
2724,0
2725,7
2726,5
2727,3
2728,7
2729,7
2730,4
2731,9
2732,5
2733,8
2734,0
2735,3
2736,7
2737,9
2738,1
2739,8
2740,6
2741,5
2742,7
2743,7
2744,5
2745,7
2746,1
2747,3
2748,6
2749,1
2750,5
2751,8
2752,7
2753,3
2754,3
2755,3
2756,1
2757,3
2758,0
2759,6
2760,6
2761,0
2762,5
2763,1
2764,7
2765,5
2766,5
2767,2
2768,5
2769,7
2770,9
2771,3
2772,9
2773,0
2774,8
2775,2
2776,9
2777,0
2778,6
2779,3
2780,3
2781,7
2782,9
2783,7
2784,4
2785,7
2786,5
2787,7
2788,8
2789,8
2790,2
2791,7
2792,7
2793,1
2794,0
2795,1
2796,2
2797,8
2798,3
2799,1
2800,7
2801,5
2802,3
2803,3
2804,6
2805,1
2806,2
2807,4
2808,4
2809,9
2810,8
2811,5
2812,4
2813,8
2814,7
2815,0
2816,6
2817,8
2818,4
2819,4
2820,3
2821,3
2822,6
2823,1
2824,5
2825,7
2826,3
2827,3
2828,9
2829,6
2830,4
2831,2
2832,7
2833,7
2834,3
2835,2
2836,5
2837,1
2838,5
2839,0
2840,6
2841,6
2842,1
2843,9
2844,1
2845,2
2846,0
2847,2
2848,1
2849,4
2850,8
2851,9
2852,1
2853,0
2854,0
2855,6
2856,2
2857,1
2858,6
2859,2
2860,2
2861,1
2862,9
2863,1
2864,4
2865,3
2866,2
2867,5
2868,8
2869,6
2870,3
2871,0
2872,6
2873,0
2874,6
2875,7
2876,7
2877,6
2878,1
2879,0
2880,5
2881,0
2882,7
2883,3
2884,1
2885,1
2886,2
2887,6
2888,6
2889,5
2890,5
2891,7
2892,7
2893,3
2894,5
2895,7
2896,7
2897,7
2898,6
2899,0
2900,7
2901,6
2902,9
2903,3
2904,8
2905,8
2906,0
2907,7
2908,7
2909,1
2910,6
2911,9
2912,4
2913,6
2914,0
2915,6
2916,6
2917,9
2918,0
2919,2
2920,6
2921,1
2922,6
2923,8
2924,1
2925,6
2926,6
2927,5
2928,4
2929,3
2930,0
2931,2
2932,9
2933,8
2934,6
2935,8
2936,9
2937,1
2938,4
2939,6
2940,0
2941,7
2942,5
2943,0
2944,3
2945,1
2946,2
2947,9
2948,1
2949,0
2950,0
2951,4
2952,1
2953,5
2954,0
2955,6
2956,4
2957,7
2958,4
2959,3
2960,1
2961,2
2962,1
2963,2
2964,7
2965,4
2966,5
2967,6
2968,0
2969,7
2970,5
2971,0
2972,7
2973,6
2974,9
2975,1
2976,7
2977,1
2978,0
2979,3
2980,5
2981,9
2982,3
2983,5
2984,1
2985,1
2986,6
2987,3
2988,6
2989,5
2990,7
2991,5
2992,7
2993,8
2994,7
2995,0
2996,8
2997,1
2998,8
2999,7
3000,0
3001,1
3002,1
3003,0
3004,4
3005,3
3006,0
3007,3
3008,3
3009,1
3010,4
3011,5
3012,4
3013,6
3014,3
3015,8
3016,5
3017,3
3018,9
3019,3
3020,2
3021,4
3022,1
3023,1
3024,0
3025,6
3026,7
3027,6
3028,7
3029,1
3030,0
3031,6
3032,1
3033,8
3034,4
3035,4
3036,1
3037,1
3038,8
3039,2
3040,6
3041,1
3042,1
3043,9
3044,8
3045,6
3046,5
3047,0
3048,7
3049,6
3050,1
3051,1
3052,1
3053,8
3054,8
3055,4
3056,2
3057,9
3058,3
3059,1
3060,1
3061,9
3062,6
3063,6
3064,1
3065,6
3066,8
3067,5
3068,1
3069,8
3070,1
3071,1
3072,7
3073,4
3074,3
3075,8
3076,5
3077,6
3078,8
3079,0
3080,0
3081,8
3082,3
3083,6
3084,3
3085,5
3086,5
3087,8
3088,7
3089,7
3090,3
3091,7
3092,0
3093,2
3094,0
3095,6
3096,6
3097,8
3098,0
3099,1
3100,3
3101,2
3102,4
3103,2
3104,7
3105,7
3106,9
3107,7
3108,2
3109,2
3110,5
3111,5
3112,2
3113,4
3114,2
3115,1
3116,1
3117,4
3118,6
3119,6
3120,1
3121,8
3122,3
3123,8
3124,2
3125,0
3126,0
3127,8
3128,9
3129,4
3130,8
3131,6
3132,4
3133,5
3134,8
3135,6
3136,1
3137,4
3138,4
3139,4
3140,4
3141,2
3142,6
3143,7
3144,6
3145,5
3146,4
3147,3
3148,4
3149,0
3150,8
3151,6
3152,1
3153,4
3154,5
3155,6
3156,1
3157,2
3158,9
3159,7
3160,4
3161,8
3162,4
3163,7
3164,2
3165,5
3166,0
3167,1
3168,0
3169,7
3170,4
3171,9
3172,2
3173,2
3174,1
3175,6
3176,1
3177,2
3178,2
3179,9
3180,0
3181,6
3182,0
3183,5
3184,6
3185,0
3186,5
3187,7
3188,0
3189,7
3190,3
3191,6
3192,9
3193,4
3194,0
3195,0
3196,2
3197,9
3198,3
3199,6
3200,0
3201,5
3202,8
3203,6
3204,9
3205,7
3206,2
3207,7
3208,0
3209,1
3210,2
3211,8
3212,8
3213,9
3214,1
3215,8
3216,2
3217,2
3218,4
3219,4
3220,6
3221,9
3222,7
3223,6
3224,7
3225,0
3226,9
3227,0
3228,2
3229,9
3230,8
3231,0
3232,9
3233,3
3234,3
3235,2
3236,7
3237,1
3238,6
3239,8
3240,6
3241,2
3242,9
3243,0
3244,9
3245,5
3246,6
3247,0
3248,1
3249,5
3250,6
3251,3
3252,7
3253,7
3254,3
3255,8
3256,0
3257,5
3258,6
3259,7
3260,1
3261,2
3262,2
3263,1
3264,9
3265,6
3266,0
3267,7
3268,9
3269,7
3270,4
3271,1
3272,9
3273,5
3274,4
3275,1
3276,4
3277,3
3278,0
3279,1
3280,4
3281,7
3282,8
3283,1
3284,2
3285,5
3286,5
3287,9
3288,5
3289,3
3290,1
3291,6
3292,3
3293,7
3294,2
3295,4
3296,3
3297,2
3298,9
3299,9
3300,6
3301,1
3302,8
3303,7
3304,3
3305,9
3306,3
3307,5
3308,6
3309,3
3310,6
3311,7
3312,1
3313,4
3314,4
3315,8
3316,7
3317,3
3318,8
3319,7
3320,4
3321,5
3322,4
3323,1
3324,1
3325,4
3326,7
3327,8
3328,7
3329,6
3330,4
3331,9
3332,6
3333,0
3334,4
3335,8
3336,8
3337,7
3338,6
3339,4
3340,0
3341,4
3342,9
3343,8
3344,5
3345,7
3346,7
3347,4
3348,8
3349,7
3350,3
3351,6
3352,8
3353,4
3354,3
3355,2
3356,2
3357,3
3358,1
3359,7
3360,0
3361,0
3362,2
3363,3
3364,1
3365,1
3366,4
3367,8
3368,5
3369,8
3370,7
3371,0
3372,7
3373,4
3374,5
3375,7
3376,5
3377,3
3378,6
3379,9
3380,6
3381,3
3382,5
3383,3
3384,3
3385,2
3386,4
3387,7
3388,8
3389,9
3390,0
3391,3
3392,0
3393,3
3394,1
3395,4
3396,7
3397,7
3398,3
3399,0
3400,0
3401,2
3402,9
3403,2
3404,1
3405,5
3406,3
3407,1
3408,4
3409,7
3410,3
3411,8
3412,7
3413,6
3414,5
3415,7
3416,5
3417,1
3418,6
3419,2
3420,4
3421,2
3422,9
3423,5
3424,8
3425,3
3426,3
3427,6
3428,7
3429,9
3430,0
3431,1
3432,3
3433,4
3434,8
3435,3
3436,4
3437,0
3438,1
3439,3
3440,3
3441,9
3442,5
3443,9
3444,7
3445,2
3446,2
3447,4
3448,4
3449,8
3450,0
3451,8
3452,2
3453,4
3454,7
3455,8
3456,4
3457,3
3458,6
3459,1
3460,1
3461,2
3462,8
3463,5
3464,2
3465,0
3466,1
3467,8
3468,5
3469,6
3470,1
3471,9
3472,1
3473,9
3474,2
3475,6
3476,0
3477,1
3478,4
3479,1
3480,7
3481,1
3482,7
3483,8
3484,0
3485,0
3486,4
3487,9
3488,6
3489,4
3490,2
3491,1
3492,7
3493,3
3494,4
3495,8
3496,8
3497,3
3498,8
3499,9
3500,3
3501,9
3502,8
3503,7
3504,7
3505,3
3506,6
3507,1
3508,7
3509,5
3510,2
3511,9
3512,0
3513,1
3514,1
3515,7
3516,6
3517,1
3518,2
3519,3
3520,1
3521,1
3522,3
3523,3
3524,9
3525,2
3526,6
3527,2
3528,2
3529,5
3530,2
3531,1
3532,9
3533,4
3534,5
3535,0
3536,8
3537,8
3538,7
3539,5
3540,1
3541,6
3542,7
3543,1
3544,8
3545,4
3546,3
3547,1
3548,2
3549,3
3550,0
3551,0
3552,9
3553,6
3554,3
3555,3
3556,9
3557,0
3558,7
3559,6
3560,5
3561,5
3562,4
3563,4
3564,3
3565,0
3566,1
3567,2
3568,6
3569,1
3570,6
3571,9
3572,1
3573,4
3574,9
3575,8
3576,8
3577,6
3578,2
3579,3
3580,4
3581,2
3582,0
3583,5
3584,8
3585,8
3586,7
3587,8
3588,1
3589,9
3590,2
3591,5
3592,7
3593,2
3594,7
3595,5
3596,6
3597,8
3598,6
3599,7
3600,7
3601,5
3602,8
3603,2
3604,2
3605,3
3606,5
3607,1
3608,1
3609,4
3610,2
3611,3
3612,1
3613,7
3614,8
3615,3
3616,9
3617,6
3618,0
3619,5
3620,1
3621,5
3622,3
3623,7
3624,2
3625,0
3626,6
3627,7
3628,9
3629,0
3630,0
3631,6
3632,7
3633,3
3634,7
3635,1
3636,9
3637,5
3638,8
3639,4
3640,0
3641,6
3642,5
3643,0
3644,9
3645,8
3646,1
3647,2
3648,6
3649,2
3650,0
3651,8
3652,7
3653,2
3654,0
3655,5
3656,4
3657,7
3658,2
3659,3
3660,2
3661,7
3662,8
3663,1
3664,4
3665,1
3666,7
3667,1
3668,9
3669,0
3670,4
3671,9
3672,1
3673,2
3674,9
3675,1
3676,2
3677,2
3678,3
3679,4
3680,9
3681,4
3682,3
3683,6
3684,4
3685,5
3686,5
3687,0
3688,8
3689,5
3690,4
3691,8
3692,5
3693,6
3694,5
3695,4
3696,9
3697,5
3698,2
3699,0
3700,0
3701,6
3702,7
3703,8
3704,2
3705,4
3706,9
3707,0
3708,9
3709,4
3710,9
3711,6
3712,9
3713,8
3714,2
3715,7
3716,7
3717,4
3718,8
3719,2
3720,5
3721,9
3722,4
3723,4
3724,0
3725,3
3726,5
3727,5
3728,4
3729,9
3730,4
3731,7
3732,4
3733,0
3734,9
3735,9
3736,2
3737,0
3738,3
3739,5
3740,8
3741,4
3742,7
3743,6
3744,3
3745,0
3746,7
3747,7
3748,3
3749,0
3750,4
3751,2
3752,1
3753,3
3754,7
3755,8
3756,2
3757,3
3758,9
3759,6
3760,0
3761,9
3762,1
3763,9
3764,1
3765,0
3766,4
3767,8
3768,8
3769,2
3770,9
3771,0
3772,1
3773,0
3774,8
3775,8
3776,6
3777,1
3778,8
3779,9
3780,2
3781,3
3782,2
3783,0
3784,0
3785,4
3786,4
3787,4
3788,1
3789,2
3790,8
3791,3
3792,9
3793,6
3794,1
3795,8
3796,1
3797,6
3798,3
3799,0
3800,0
3801,5
3802,4
3803,7
3804,9
3805,0
3806,2
3807,7
3808,3
3809,3
3810,6
3811,5
3812,4
3813,4
3814,0
3815,4
3816,4
3817,6
3818,1
3819,6
3820,7
3821,6
3822,0
3823,4
3824,7
3825,0
3826,1
3827,2
3828,8
3829,8
3830,6
3831,7
3832,8
3833,4
3834,0
3835,9
3836,8
3837,6
3838,6
3839,4
3840,9
3841,6
3842,0
3843,4
3844,6
3845,3
3846,7
3847,5
3848,5
3849,3
3850,8
3851,5
3852,9
3853,0
3854,2
3855,0
3856,4
3857,0
3858,4
3859,4
3860,0
3861,0
3862,1
3863,1
3864,3
3865,3
3866,3
3867,0
3868,6
3869,2
3870,2
3871,0
3872,7
3873,7
3874,9
3875,5
3876,2
3877,5
3878,7
3879,8
3880,5
3881,0
3882,2
3883,2
3884,8
3885,9
3886,5
3887,8
3888,6
3889,2
3890,0
3891,7
3892,3
3893,9
3894,2
3895,7
3896,8
3897,8
3898,9
3899,7
3900,4
3901,2
3902,7
3903,9
3904,2
3905,1
3906,1
3907,5
3908,0
3909,8
3910,5
3911,3
3912,4
3913,6
3914,7
3915,9
3916,2
3917,1
3918,8
3919,7
3920,2
3921,4
3922,6
3923,6
3924,0
3925,6
3926,3
3927,1
3928,2
3929,1
3930,9
3931,5
3932,5
3933,6
3934,0
3935,0
3936,0
3937,8
3938,0
3939,6
3940,0
3941,4
3942,8
3943,1
3944,6
3945,2
3946,7
3947,7
3948,0
3949,9
3950,3
3951,0
3952,2
3953,6
3954,6
3955,4
3956,7
3957,0
3958,3
3959,9
3960,5
3961,5
3962,3
3963,7
3964,8
3965,6
3966,1
3967,9
3968,1
3969,9
3970,7
3971,7
3972,2
3973,3
3974,5
3975,5
3976,5
3977,6
3978,8
3979,8
3980,0
3981,0
3982,0
3983,1
3984,8
3985,8
3986,1
3987,2
3988,0
3989,4
3990,9
3991,7
3992,3
3993,9
3994,3
3995,2
3996,1
3997,9
3998,2
3999,8
4000,0
4001,0
4002,1
4003,8
4004,9
4005,3
4006,2
4007,6
4008,9
4009,7
4010,5
4011,9
4012,0
4013,3
4014,7
4015,7
4016,8
4017,9
4018,9
4019,8
4020,4
4021,9
4022,3
4023,5
4024,0
4025,0
4026,4
4027,3
4028,0
4029,8
4030,8
4031,6
4032,8
4033,9
4034,6
4035,5
4036,9
4037,8
4038,3
4039,0
4040,6
4041,6
4042,7
4043,7
4044,5
4045,1
4046,9
4047,9
4048,3
4049,3
4050,6
4051,8
4052,4
4053,1
4054,9
4055,0
4056,2
4057,0
4058,4
4059,5
4060,4
4061,2
4062,0
4063,2
4064,5
4065,4
4066,5
4067,9
4068,5
4069,9
4070,1
4071,2
4072,0
4073,9
4074,1
4075,0
4076,0
4077,9
4078,1
4079,2
4080,5
4081,4
4082,7
4083,2
4084,6
4085,3
4086,0
4087,5
4088,2
4089,4
4090,3
4091,9
4092,0
4093,7
4094,1
4095,8
4096,0
4097,6
4098,0
4099,0
4100,5
4101,1
4102,7
4103,2
4104,7
4105,0
4106,9
4107,5
4108,2
4109,6
4110,7
4111,7
4112,0
4113,4
4114,7
4115,4
4116,1
4117,9
4118,8
4119,6
4120,1
4121,8
4122,0
4123,0
4124,6
4125,8
4126,1
4127,8
4128,6
4129,7
4130,1
4131,1
4132,4
4133,5
4134,0
4135,7
4136,5
4137,2
4138,3
4139,5
4140,6
4141,9
4142,2
4143,6
4144,2
4145,7
4146,0
4147,7
4148,6
4149,0
4150,3
4151,1
4152,4
4153,5
4154,0
4155,9
4156,6
4157,0
4158,4
4159,6
4160,4
4161,9
4162,8
4163,3
4164,4
4165,9
4166,0
4167,8
4168,1
4169,2
4170,5
4171,7
4172,3
4173,7
4174,6
4175,6
4176,9
4177,3
4178,9
4179,9
4180,4
4181,7
4182,9
4183,4
4184,5
4185,7
4186,3
4187,1
4188,2
4189,9
4190,4
4191,0
4192,2
4193,8
4194,0
4195,7
4196,1
4197,1
4198,6
4199,6
4200,5
